Workbook

Sheet Veri
A1: Öğrenci No | B1: Öğrenci Adı | C1: Bölüm | D1: Vize | E1: Final | F1: Ortalama | G1: Durum | H1: Başarı Sırası | I1: Başarı Kategorisi
A2: 1001 | B2: Ahmet Yılmaz | C2: Ekonometri | D2: 72 | E2: 81 | F2: =D2*40%+E2*60% -> 77.4 | G2: =IF(F2>=60,"Geçti","Kaldı") -> Geçti | H2: 19 | I2: =IF(F2>=85,"Çok İyi",IF(F2>=70,"İyi",IF(F2>=60,"Orta","Başarısız"))) -> İyi
A3: 1002 | B3: İrem Yıldız | C3: Ekonometri | D3: 65 | E3: 74 | F3: =D3*40%+E3*60% -> 70.4 | G3: =IF(F3>=60,"Geçti","Kaldı") -> Geçti | H3: =1+COUNTIF($F$2:$F$51,">"&F3) -> 26 | I3: =IF(F3>=85,"Çok İyi",IF(F3>=70,"İyi",IF(F3>=60,"Orta","Başarısız"))) -> İyi
A4: 1003 | B4: Mehmet Demir | C4: Ekonometri | D4: 48 | E4: 55 | F4: =D4*40%+E4*60% -> 52.2 | G4: =IF(F4>=60,"Geçti","Kaldı") -> Kaldı | H4: =1+COUNTIF($F$2:$F$51,">"&F4) -> 42 | I4: =IF(F4>=85,"Çok İyi",IF(F4>=70,"İyi",IF(F4>=60,"Orta","Başarısız"))) -> Başarısız
A5: 1004 | B5: Ayşe Kaya | C5: Ekonometri | D5: 85 | E5: 92 | F5: =D5*40%+E5*60% -> 89.2 | G5: =IF(F5>=60,"Geçti","Kaldı") -> Geçti | H5: =1+COUNTIF($F$2:$F$51,">"&F5) -> 6 | I5: =IF(F5>=85,"Çok İyi",IF(F5>=70,"İyi",IF(F5>=60,"Orta","Başarısız"))) -> Çok İyi
A6: 1005 | B6: Zeynep Çelik | C6: Ekonometri | D6: 56 | E6: 63 | F6: =D6*40%+E6*60% -> 60.2 | G6: =IF(F6>=60,"Geçti","Kaldı") -> Geçti | H6: =1+COUNTIF($F$2:$F$51,">"&F6) -> 36 | I6: =IF(F6>=85,"Çok İyi",IF(F6>=70,"İyi",IF(F6>=60,"Orta","Başarısız"))) -> Orta
A7: 1006 | B7: Burak Şahin | C7: Ekonometri | D7: 91 | E7: 88 | F7: =D7*40%+E7*60% -> 89.2 | G7: =IF(F7>=60,"Geçti","Kaldı") -> Geçti | H7: =1+COUNTIF($F$2:$F$51,">"&F7) -> 6 | I7: =IF(F7>=85,"Çok İyi",IF(F7>=70,"İyi",IF(F7>=60,"Orta","Başarısız"))) -> Çok İyi
A8: 1007 | B8: Elif Aydın | C8: Ekonometri | D8: 43 | E8: 51 | F8: =D8*40%+E8*60% -> 47.8 | G8: =IF(F8>=60,"Geçti","Kaldı") -> Kaldı | H8: =1+COUNTIF($F$2:$F$51,">"&F8) -> 47 | I8: =IF(F8>=85,"Çok İyi",IF(F8>=70,"İyi",IF(F8>=60,"Orta","Başarısız"))) -> Başarısız
A9: 1008 | B9: Mert Özkan | C9: Ekonometri | D9: 78 | E9: 84 | F9: =D9*40%+E9*60% -> 81.6 | G9: =IF(F9>=60,"Geçti","Kaldı") -> Geçti | H9: =1+COUNTIF($F$2:$F$51,">"&F9) -> 13 | I9: =IF(F9>=85,"Çok İyi",IF(F9>=70,"İyi",IF(F9>=60,"Orta","Başarısız"))) -> İyi
A10: 1009 | B10: Emre Arslan | C10: Ekonometri | D10: 62 | E10: 70 | F10: =D10*40%+E10*60% -> 66.8 | G10: =IF(F10>=60,"Geçti","Kaldı") -> Geçti | H10: =1+COUNTIF($F$2:$F$51,">"&F10) -> 29 | I10: =IF(F10>=85,"Çok İyi",IF(F10>=70,"İyi",IF(F10>=60,"Orta","Başarısız"))) -> Orta
A11: 1010 | B11: Buse Koç | C11: Ekonometri | D11: 54 | E11: 68 | F11: =D11*40%+E11*60% -> 62.4 | G11: =IF(F11>=60,"Geçti","Kaldı") -> Geçti | H11: =1+COUNTIF($F$2:$F$51,">"&F11) -> 32 | I11: =IF(F11>=85,"Çok İyi",IF(F11>=70,"İyi",IF(F11>=60,"Orta","Başarısız"))) -> Orta
A12: 1011 | B12: Can Kılıç | C12: Ekonometri | D12: 37 | E12: 45 | F12: =D12*40%+E12*60% -> 41.8 | G12: =IF(F12>=60,"Geçti","Kaldı") -> Kaldı | H12: =1+COUNTIF($F$2:$F$51,">"&F12) -> 49 | I12: =IF(F12>=85,"Çok İyi",IF(F12>=70,"İyi",IF(F12>=60,"Orta","Başarısız"))) -> Başarısız
A13: 1012 | B13: Sude Kurt | C13: Ekonometri | D13: 88 | E13: 91 | F13: =D13*40%+E13*60% -> 89.8 | G13: =IF(F13>=60,"Geçti","Kaldı") -> Geçti | H13: =1+COUNTIF($F$2:$F$51,">"&F13) -> 4 | I13: =IF(F13>=85,"Çok İyi",IF(F13>=70,"İyi",IF(F13>=60,"Orta","Başarısız"))) -> Çok İyi
A14: 1013 | B14: Kerem Aksoy | C14: Ekonometri | D14: 71 | E14: 76 | F14: =D14*40%+E14*60% -> 74 | G14: =IF(F14>=60,"Geçti","Kaldı") -> Geçti | H14: =1+COUNTIF($F$2:$F$51,">"&F14) -> 21 | I14: =IF(F14>=85,"Çok İyi",IF(F14>=70,"İyi",IF(F14>=60,"Orta","Başarısız"))) -> İyi
... A51: 1050 | B51: Emir Dağcı | C51: Ekonometri | D51: 60 | E51: 65 | F51: =D51*40%+E51*60% -> 63 | G51: =IF(F51>=60,"Geçti","Kaldı") -> Geçti | H51: =1+COUNTIF($F$2:$F$51,">"&F51) -> 31 | I51: =IF(F51>=85,"Çok İyi",IF(F51>=70,"İyi",IF(F51>=60,"Orta","Başarısız"))) -> Orta

Sheet ÖZET TABLO
A1: Satır Etiketleri | B1: Öğrenci Sayısı | C1: Ortalama Vize | D1: Ortalama Final
A2: Geçti | B2: =COUNTIF(Veri!G2:G51,"Geçti") -> 36 | C2: =AVERAGEIF(Veri!G2:G51,"Geçti",Veri!D2:D51) -> 74.166667 | D2: =AVERAGEIF(Veri!G2:G51,"Geçti",Veri!E2:E51) -> 78.972222
A3: Kaldı | B3: =COUNTIF(Veri!G2:G51,"Kaldı") -> 14 | C3: =AVERAGEIF(Veri!G2:G51,"Kaldı",Veri!D2:D51) -> 45.714286 | D3: =AVERAGEIF(Veri!G2:G51,"Kaldı",Veri!E2:E51) -> 53.285714
A4: Genel Toplam | B4: =COUNTA(Veri!A2:A51) -> 50 | C4: =AVERAGE(Veri!D2:D51) -> 66.2 | D4: =AVERAGE(Veri!E2:E51) -> 71.78
A7: Başarı Kategorisi | B7: Öğrenci Sayısı
A8: Çok İyi | B8: =COUNTIF(Veri!I2:I51,A8) -> 10
A9: İyi | B9: =COUNTIF(Veri!I2:I51,A9) -> 16
A10: Orta | B10: =COUNTIF(Veri!I2:I51,A10) -> 10
A11: Başarısız | B11: =COUNTIF(Veri!I2:I51,A11) -> 14

Sheet ANALİZ
A1: SINIF ORTALAMASI | B1: =AVERAGE(Veri!F2:F51) -> 69.548 | G1: EN BAŞARILI 5 ÖĞRENCİ
A2: EN YÜKSEK ORTALAMA | B2: =MAX(Veri!F2:F51) -> 95.2 | G2: Sıra | H2: Öğrenci | I2: Ortalama
A3: EN DÜŞÜK ORTALAMA | B3: =MIN(Veri!F2:F51) -> 40.8 | G3: 1 | H3: =INDEX(Veri!$B$2:$B$51,MATCH(G3,Veri!$H$2:$H$51,0)) -> Nazlı Erdem | I3: =INDEX(Veri!$F$2:$F$51,MATCH(G3,Veri!$H$2:$H$51,0)) -> 95.2
A4: GEÇEN ÖĞRENCİ SAYISI | B4: =COUNTIF(Veri!G2:G51,"Geçti") -> 36 | G4: 2 | H4: =INDEX(Veri!$B$2:$B$51,MATCH(G4,Veri!$H$2:$H$51,0)) -> Okan Karataş | I4: =INDEX(Veri!$F$2:$F$51,MATCH(G4,Veri!$H$2:$H$51,0)) -> 93.2
A5: KALAN ÖĞRENCİ SAYISI | B5: =COUNTIF(Veri!G2:G51,"Kaldı") -> 14 | G5: 3 | H5: =INDEX(Veri!$B$2:$B$51,MATCH(G5,Veri!$H$2:$H$51,0)) -> Aslı Çoban | I5: =INDEX(Veri!$F$2:$F$51,MATCH(G5,Veri!$H$2:$H$51,0)) -> 91.8
A6: BAŞARI ORANI | B6: =B4/COUNTA(Veri!A2:A51) -> 0.72 | G6: 4 | H6: =INDEX(Veri!$B$2:$B$51,MATCH(G6,Veri!$H$2:$H$51,0)) -> Sude Kurt | I6: =INDEX(Veri!$F$2:$F$51,MATCH(G6,Veri!$H$2:$H$51,0)) -> 89.8
A7: BAŞARISIZLIK ORANI | B7: =B5/COUNTA(Veri!A2:A51) -> 0.28 | G7: 5 | H7: =INDEX(Veri!$B$2:$B$51,MATCH(G7,Veri!$H$2:$H$51,0)) -> Melis Yalçın | I7: =INDEX(Veri!$F$2:$F$51,MATCH(G7,Veri!$H$2:$H$51,0)) -> 89.6

Sheet DASHBOARD
B2: ÖĞRENCİ BAŞARI ANALİZİ
B4: TOPLAM ÖĞRENCİ | E4: GEÇEN ÖĞRENCİ | H4: KALAN ÖĞRENCİ | K4: BAŞARI ORANI
B5: =COUNTA(Veri!A2:A51) -> 50 | E5: =COUNTIF(Veri!G2:G51,"Geçti") -> 36 | H5: =COUNTIF(Veri!G2:G51,"Kaldı") -> 14 | K5: =COUNTIF(Veri!G2:G51,"Geçti")/COUNTA(Veri!A2:A51) -> 0.72
B8: SINIF ORTALAMASI | E8: VİZE ORTALAMASI | H8: FİNAL ORTALAMASI | K8: EN YÜKSEK ORTALAMA
B9: =AVERAGE(Veri!F2:F51) -> 69.548 | E9: =AVERAGE(Veri!D2:D51) -> 66.2 | H9: =AVERAGE(Veri!E2:E51) -> 71.78 | K9: =MAX(Veri!F2:F51) -> 95.2
B27: Veri Seti: 50 kişilik örnek öğrenci verisi
B28: Hesaplama: Vize %40 + Final %60
B29: Geçme Notu: 60
